# Every sample the matrix runs a tool on. Paths may use ${CAT} (lab data collection), ${EUK} (Vir's plant/human work
# dir), ${UMBC} (SPO1 share), ${ME} (scratch). gtdir = where a row's relative gt/cand files live. nreads = first N
# alignments of the coordinate-sorted BAM (0 = every read). reuse = a folder under ${EUK} whose sub.bam / UniMeth 5mC /
# DeepMod2 outputs are linked instead of recomputed (the plant/human rows already ran there). A BAM without move
# tables (mv tags) is re-basecalled from the pod5 with --emit-moves by MODE=basecall (prep submits it when needed).
# syn_control and syn_5hmC use the 20% of reads held out of the 5hmC fine-tune (unimeth_finetune/run.sh prep), so every
# tool is scored on reads that model never trained on; prep's pod5 filter cuts the subset to them. syn_5mC and syn_6mA use
# a random 20% too (pod5_subsample.py), so both samples of every oligo row have matched depth.
# region_from (optional 8th column): take this sample's subset from the region spanned by that sample's sub.bam instead of
# its first NREADS alignments, so a two-sample row's control covers the same positions as its modified sample.
#id	gtdir	pod5	bam	ref	nreads	reuse	region_from
ecoli_wt	${CAT}/ecoli_k12_wt_r10.4.1_ontbasemod_2024/ground_truth	${CAT}/ecoli_k12_wt_r10.4.1_ontbasemod_2024/pod5_files	${CAT}/ecoli_k12_wt_r10.4.1_ontbasemod_2024/basecalled/reads.bam	${CAT}/ecoli_k12_wt_r10.4.1_ontbasemod_2024/ref.fa	15000	-
ecoli_mssi	${CAT}/ecoli_k12_damdcm_mssi_r10.4.1_ontbasemod_2024/ground_truth	${CAT}/ecoli_k12_damdcm_mssi_r10.4.1_ontbasemod_2024/pod5_files	${CAT}/ecoli_k12_damdcm_mssi_r10.4.1_ontbasemod_2024/basecalled/reads.bam	${CAT}/ecoli_k12_damdcm_mssi_r10.4.1_ontbasemod_2024/ref.fa	15000	-
anabaena	${CAT}/anabaena_pcc7120_wt_r10.4.1_ontbasemod_2024/ground_truth	${CAT}/anabaena_pcc7120_wt_r10.4.1_ontbasemod_2024/pod5_files	${CAT}/anabaena_pcc7120_wt_r10.4.1_ontbasemod_2024/basecalled/reads.bam	${CAT}/anabaena_pcc7120_wt_r10.4.1_ontbasemod_2024/ref.fa	15000	-
tdenticola	${CAT}/tdenticola_atcc35405_wt_r10.4.1_ontbasemod_2024/ground_truth	${CAT}/tdenticola_atcc35405_wt_r10.4.1_ontbasemod_2024/pod5_files	${CAT}/tdenticola_atcc35405_wt_r10.4.1_ontbasemod_2024/basecalled/reads.bam	${CAT}/tdenticola_atcc35405_wt_r10.4.1_ontbasemod_2024/ref.fa	15000	-
hp26695	${CAT}/hpylori_26695_wt_r10.4.1_ontbasemod_2024/ground_truth	${CAT}/hpylori_26695_wt_r10.4.1_ontbasemod_2024/pod5_files	${CAT}/hpylori_26695_wt_r10.4.1_ontbasemod_2024/basecalled/reads.bam	${CAT}/hpylori_26695_wt_r10.4.1_ontbasemod_2024/ref.fa	15000	-
hp26695_wga	${CAT}/hpylori_26695_wga_r10.4.1_ontbasemod_2024/ground_truth	${CAT}/hpylori_26695_wga_r10.4.1_ontbasemod_2024/pod5_files	${CAT}/hpylori_26695_wga_r10.4.1_ontbasemod_2024/basecalled/reads.bam	${CAT}/hpylori_26695_wga_r10.4.1_ontbasemod_2024/ref.fa	15000	-	hp26695
hpj99	${CAT}/hpylori_j99_wt_r10.4.1_ontbasemod_2024/ground_truth	${CAT}/hpylori_j99_wt_r10.4.1_ontbasemod_2024/pod5_files	${CAT}/hpylori_j99_wt_r10.4.1_ontbasemod_2024/basecalled/reads.bam	${CAT}/hpylori_j99_wt_r10.4.1_ontbasemod_2024/ref.fa	15000	-
arabidopsis	${CAT}/arabidopsis_col0_r10.4.1_ontbasemod_2024/ground_truth	${CAT}/arabidopsis_col0_r10.4.1_ontbasemod_2024/pod5_files	${CAT}/arabidopsis_col0_r10.4.1_ontbasemod_2024/basecalled/reads.bam	${CAT}/arabidopsis_col0_r10.4.1_ontbasemod_2024/ref.fa	15000	arabidopsis_col0_r10.4.1_ontbasemod_2024
# hg002: the collection's ont_open_data folder is ~1x; the row uses the first 500 pod5_pass files of the public GIAB
# flowcell (~11x, download_hg002.sh) basecalled with move tables by basecall_moves.sh, same GRCh38 ground truth.
hg002	${CAT}/human_hg002_r10.4.1_ont_open_data/ground_truth	${CAT}/human_hg002_r10.4.1_giab_2023.05_PAO89685_10x/pod5_files	${CAT}/human_hg002_r10.4.1_giab_2023.05_PAO89685_10x/basecalled/hg002_10x.moves.bam	${CAT}/human_hg002_r10.4.1_ont_open_data/ref.fa	15000	-
# rice: Ernest's 25-file pod5 subset (~11x), ONT's sup basecall of the whole run with move tables (cut to those reads by
# prep), his ground truth from the ONT bisulfite call set, so the Dorado and UniMeth columns share reads and truth.
rice	/fs/cbcb-lab/storm/ernzhang/rawmod_data/rice/ground_truth	/fs/cbcb-lab/storm/ernzhang/rawmod_data/rice/pod5	/fs/cbcb-lab/storm/vgandhi/euk/rice_bc/rice_dorado.moves.bam	${EUK}/ref/osativa.fa	15000	-
# mouse: Ernest's read subset selected over candidate CpG sites (mouse_candidates.pod5, 30x brain run), his sup basecall with
# move tables on mm39, and the positives/candidates his Dorado number used (from the chr1 bisulfite 20x call set).
mouse	/fs/cbcb-lab/storm/ernzhang/rawmod_data/mouse	/fs/cbcb-lab/storm/ernzhang/rawmod_data/mouse/mouse_candidates.pod5	/fs/cbcb-lab/storm/ernzhang/rawmod_data/mouse/mouse_sup_moves.sorted.bam	/fs/cbcb-lab/storm/ernzhang/rawmod_data/mouse/mouse_mm39.fa	0	-
syn_control	${CAT}/synthetic_all5mers_r10.4.1_ont_open_data/ground_truth	${ME}/unimeth_ft/5hmC/pod5/neg.test.pod5	${CAT}/synthetic_all5mers_r10.4.1_ont_open_data/basecalled/control/reads_refined.bam	${CAT}/synthetic_all5mers_r10.4.1_ont_open_data/ref.fa	0	-
syn_5mC	${CAT}/synthetic_all5mers_r10.4.1_ont_open_data/ground_truth	${ME}/unimeth_ft/5hmC/pod5/syn_5mC.test.pod5	${CAT}/synthetic_all5mers_r10.4.1_ont_open_data/basecalled/5mC/reads_refined.bam	${CAT}/synthetic_all5mers_r10.4.1_ont_open_data/ref.fa	0	-
syn_5hmC	${CAT}/synthetic_all5mers_r10.4.1_ont_open_data/ground_truth	${ME}/unimeth_ft/5hmC/pod5/pos.test.pod5	${CAT}/synthetic_all5mers_r10.4.1_ont_open_data/basecalled/5hmC/reads_refined.bam	${CAT}/synthetic_all5mers_r10.4.1_ont_open_data/ref.fa	0	-
syn_6mA	${CAT}/synthetic_all5mers_r10.4.1_ont_open_data/ground_truth	${ME}/unimeth_ft/5hmC/pod5/syn_6mA.test.pod5	${CAT}/synthetic_all5mers_r10.4.1_ont_open_data/basecalled/6mA/reads_refined.bam	${CAT}/synthetic_all5mers_r10.4.1_ont_open_data/ref.fa	0	-
spo1_bc07	-	${UMBC}/pod5_by_barcode/run1_jan31/single_end/barcode07.pod5	${ME}/unimeth_5hmU/bam/bc07.tagged.bam	${UMBC}/ref/SPO1_FJ230960.1.fasta	15000	-
spo1_bc01	-	${UMBC}/pod5_by_barcode/run1_jan31/single_end/barcode01.pod5	${ME}/unimeth_5hmU/bam/bc01.tagged.bam	${UMBC}/ref/SPO1_FJ230960.1.fasta	15000	-
