label	n_sites	n_pos	pos_rate	auroc	auprc	f1_at_0.5
Ecoli_MSssI_vs_DM/5mC_CpG_cpgModel	1357324	687670	0.5066	0.9999	0.9999	0.9942
Ecoli_MSssI_vs_DM/5mC_CpG_allContextModel	4632546	687714	0.1485	0.9980	0.9793	0.9598
Ecoli_MSssI/5mC_CpG_allContextModel_withinSample	2332281	687714	0.2949	0.9952	0.9794	0.9600
Ecoli_WT/5mC_nonCpG	2303208	23960	0.0104	0.9999	0.9979	0.9787
Ecoli_WT/6mA	2266982	37974	0.0168	0.9997	0.9750	0.9616
Tdenticola/6mA_preset	1765332	15368	0.0087	0.4972	0.0083	0.0006
Anabaena/6mA	3753487	30920	0.0082	0.9997	0.9728	0.9180
HPJ99/6mA_preset	1003517	4689	0.0047	0.4903	0.0044	0.0043
HPJ99/4mC_preset	644535	9683	0.0150	0.5264	0.0155	0.0119
